target,target_display,model,MAE,MSE,RMSE,NMAE,WAPE,R2,Bias_ME,train_time_seconds,predict_time_seconds
daily_orders,Số lượng đơn hàng ngày,Extra Trees Regressor,2.483800030817182,9.580513152857648,3.0952404030798073,0.3046657002457666,0.3046657002457666,-0.004662337252522075,-0.1006027509820133,0.3321046829223633,0.0674288272857666
daily_orders,Số lượng đơn hàng ngày,Random Forest Regressor,2.5172401078685662,9.84680168079933,3.1379613893098384,0.3087674976387638,0.3087674976387639,-0.032586734473941004,-0.02829411604077984,0.5381464958190918,0.07315969467163086
daily_orders,Số lượng đơn hàng ngày,Lasso Regression,2.520990192795717,9.653671141743338,3.107035748385161,0.3092274872660027,0.30922748726600274,-0.01233406369659762,-0.3626173817633062,0.0075531005859375,0.002017498016357422
daily_orders,Số lượng đơn hàng ngày,Ridge Regression,2.525056342551179,9.695114153672563,3.113697826326852,0.3097262457599159,0.3097262457599159,-0.016679993039138363,-0.4045151554780392,0.009201288223266602,0.0011413097381591797
daily_orders,Số lượng đơn hàng ngày,Linear Regression,2.5251219224625006,9.695946794950837,3.113831529635288,0.30973428986546264,0.30973428986546264,-0.016767308125436697,-0.40522475168038535,0.008309125900268555,0.005729198455810547
daily_orders,Số lượng đơn hàng ngày,HistGradientBoosting Regressor,2.6824063393775206,10.89922070113345,3.301396780323966,0.3290269730213591,0.3290269730213591,-0.1429488555699816,-0.2147213173994248,0.6358919143676758,0.009226322174072266
daily_orders,Số lượng đơn hàng ngày,Moving Average 7 days,2.690072639225182,11.318920788654443,3.3643603832904767,0.32996732996732997,0.32996732996732997,-0.18696078521783766,-0.009685230024213034,0.0,0.0
daily_orders,Số lượng đơn hàng ngày,Gradient Boosting Regressor,2.7548873485697714,12.258826769810035,3.5012607400492235,0.3379175749804917,0.33791757498049174,-0.28552420502210385,0.5554287315012653,0.31259679794311523,0.002735137939453125
