priority_level,n_products,avg_revenue,avg_quantity_sold,avg_profit,avg_priority_score
Critical,67,33837.42358208955,44.16417910447761,9465.825776119404,0.7801610175361812
High,67,21511.210895522385,38.059701492537314,6111.04626119403,0.6917487118271703
Low,67,5442.710149253731,33.56716417910448,1293.0241268656716,0.46109299465790926
Medium,67,13423.81104477612,33.97014925373134,3452.5349104477614,0.6086601430807042
