kmeans_cluster,n_products,avg_priority_score,avg_revenue,avg_quantity_sold,avg_profit,avg_demand_cv,avg_discount_rate,avg_margin,avg_shelf_life_days,cluster_priority_rank
2,51,0.720340195837493,23132.873333333333,37.3921568627451,5161.984617647058,1.1575108256671984,0.22254776611844831,22.254901960784313,5.196078431372549,1
1,119,0.6758124010753709,19074.208151260504,37.2436974789916,6531.405962184874,1.1777516203907803,0.34495793040799966,34.49579831932773,246.6386554621849,2
0,56,0.6395230461854499,24410.628214285713,42.857142857142854,5104.830464285714,1.076876545388565,0.20714253725229034,20.714285714285715,365.0,3
3,42,0.4123594236610759,3709.8319047619048,30.833333333333332,838.9012142857143,1.263245102470528,0.24881668006477164,24.88095238095238,287.04761904761904,4
